Mass [m/z],Charge,Isolation Width [m/z],RT [s],RT Range [s],Start IM [1/K0],End IM [1/K0],CE [eV],External ID,Description
529.79565,2,2.0,992.274,240.0,0.8389,0.90881,,,opa1_VVVVGDQSAGK
634.29368,2,2.0,1343.994,240.0,0.9279,1.00523,,,opa1_ESVEQQADSFK
498.27402,2,2.0,1535.544,240.0,0.8146,0.88248,,,pak2_PLPSVPEEK
509.30058,2,2.0,1299.768,240.0,0.8258,0.89462,,,pak2_LLQTSNITK
673.34591,2,2.0,1643.286,240.0,0.9432,1.0218,,,psma1_ETLPAEQDLTTK
676.32804,2,2.0,710.07,240.0,0.909,0.98475,,,psma1_AQPAQPADEPAEK
536.80348,2,2.0,1257.24,240.0,0.86662,0.93884,,,psma2_AANGVVLATEK
739.86173,2,3.0,2720.418,240.0,0.9794,1.06102,,,psma2_GYSFSLTTFSPSGK
609.32785,2,2.0,1415.334,240.0,0.9081,0.98378,,,psma3_AVENSSTAIGIR
475.25309,2,2.0,1837.656,240.0,0.7682,0.83222,,,psma3_DGVVFGVEK
504.26145,2,2.0,1615.404,240.0,0.8123,0.87999,,,psma4_TTIFSPEGR
451.76891,2,2.0,1698.576,240.0,0.7945,0.86071,,,psma4_VEIATLTR
387.26019,2,2.0,2211.84,240.0,0.7343,0.79549,,,psma5_SSLIILK
654.65695,3,2.0,1757.91,240.0,0.9193,0.99591,,,psma5_AIGSASEGAQSSLQEVYHK
517.27096,2,2.0,1156.866,240.0,0.83902,0.90894,,,psma6_DC(UniMod:4)AVIVTQK
643.36477,2,2.0,1812.882,240.0,0.9409,1.01931,,,psma6_AINQGGLTSVAVR
550.81913,2,2.0,1992.696,240.0,0.8653,0.93741,,,psma7_ALLEVVQSGGK
542.79786,2,2.0,1781.274,240.0,0.8702,0.94272,,,psma7_ILNPEEIEK
622.63432,3,2.0,2312.958,240.0,0.8328,0.9022,,,psmb1_TVIGC(UniMod:4)SGFHGDC(UniMod:4)LTLTK
382.86825,3,2.0,1552.452,240.0,0.7199,0.77989,,,psmb1_LSEGFSIHTR
500.75855,2,2.0,1531.968,240.0,0.8268,0.8957,,,psmb2_YYTPTISR
806.39171,2,3.0,2357.292,240.0,1.0248,1.1102,,,psmb2_NGYELSPTAAANFTR
446.76056,2,2.0,2271.594,240.0,0.8004,0.8671,,,psmb3_LNLYELK
518.7873,2,2.0,1829.682,240.0,0.846,0.9165,,,psmb4_FQIATVTEK
492.2747,2,2.0,1671.018,240.0,0.8411,0.91119,,,psmb4_AIHSWLTR
512.78034,2,2.0,875.532,240.0,0.8376,0.9074,,,psmb5_HGVIVAADSR
438.54924,3,2.0,975.054,240.0,0.7326,0.79365,,,psmb5_VSSDNVADLHEK
558.30638,2,2.0,1456.8,240.0,0.846,0.9165,,,psmb6_LAAIAESGVER
542.2751,2,2.0,929.76,240.0,0.8481,0.91878,,,psmb6_TTTGSYIANR
508.77218,2,2.0,1630.29,240.0,0.8328,0.9022,,,psmb7_DGIVLGADTR
460.25838,2,2.0,985.578,240.0,0.7866,0.85215,,,psmb7_GTTAVLTEK
451.74577,2,2.0,708.69,240.0,0.7931,0.85919,,,psmb8_AIAYATHR
548.29328,2,2.0,1988.118,240.0,0.8592,0.9308,,,psmb8_ASAGSYISALR
543.80074,2,2.0,1144.098,240.0,0.8438,0.91412,,,psmc1_KYEPPVPTR
579.82949,2,2.0,2027.046,240.0,0.8798,0.95312,,,psmc1_GVILYGPPGTGK
517.74871,2,2.0,1147.926,240.0,0.8364,0.9061,,,psmc2_PDYLGADQR
571.83203,2,2.0,2649.18,240.0,0.8866,0.96048,,,psmc2_GVLLFGPPGTGK
562.83732,2,2.0,2832.312,240.0,0.8688,0.9412,,,psmc3_VDILDPALLR
409.23691,2,2.0,1394.706,240.0,0.7774,0.84218,,,psmc3_LLDSEIK
505.30005,2,2.0,2359.632,240.0,0.8292,0.8983,,,psmc4_LIFSTITSK
643.34096,2,2.0,2095.734,240.0,0.9151,0.99136,,,psmc4_AQDEIPALSVSR
579.82949,2,2.0,2147.622,240.0,0.8951,0.96969,,,psmc5_GVLLYGPPGTGK
715.83826,2,3.0,1837.014,240.0,0.9464,1.02527,,,psmc5_NIDINDVTPNC(UniMod:4)R
610.31061,2,2.0,1869.342,240.0,0.8986,0.97348,,,psmc6_GC(UniMod:4)LLYGPPGTGK
418.75306,2,2.0,835.02,240.0,0.7463,0.80849,,,psmc6_IHAGPITK
428.74798,2,2.0,952.728,240.0,0.7646,0.82832,,,psmd1_DKDPILR
508.76162,2,2.0,2395.356,240.0,0.8303,0.89949,,,psmd1_DNLEWLAR
508.80295,2,2.0,2657.37,240.0,0.8245,0.89321,,,psmd2_LNILDTLSK
653.99015,3,2.0,2496.264,240.0,0.9372,1.0153,,,psmd2_LVGSQEELASWGHEYVR
831.38696,2,3.0,2126.676,240.0,1.0259,1.1114,,,psmd3_SVFPEQANNNEWAR
662.83023,2,2.0,2241.714,240.0,0.9482,1.02722,,,psmd3_FNQVLDQFGEK
759.39592,2,3.0,2446.08,240.0,1.0056,1.0894,,,psmd4_IIAFVGSPVEDNEK
484.25512,2,2.0,1971.642,240.0,0.8052,0.8723,,,psmd4_ITFC(UniMod:4)TGIR
445.24253,2,2.0,2663.106,240.0,0.7994,0.86602,,,psmd5_DPLELFR
535.29803,2,2.0,2348.358,240.0,0.8709,0.94348,,,psmd5_LEAPLEELR
671.35282,2,2.0,2478.402,240.0,0.9534,1.03285,,,psmd6_VYQGLYC(UniMod:4)VAIR
464.78235,2,2.0,1310.076,240.0,0.8162,0.88422,,,psmd6_KGDLLLNR
539.28038,2,2.0,1087.536,240.0,0.8424,0.9126,,,psmd7_DTTVGTLSQR
392.7318,2,2.0,959.958,240.0,0.7372,0.79863,,,psmd7_PELAVQK
475.76891,2,2.0,1837.656,240.0,0.8182,0.88638,,,psmd8_ILFTEATR
410.87529,3,2.0,1473.6,240.0,0.7189,0.77881,,,psmd8_VAEFHTELER
677.38719,2,2.0,2800.098,240.0,0.9585,1.03838,,,psmd9_GLLGC(UniMod:4)NIIPLQR
456.28727,2,2.0,2006.73,240.0,0.7742,0.83872,,,psmd9_PLNVTVIR
752.41192,2,3.0,2801.904,240.0,1.0356,1.1219,,,psmd11_LYDNLLEQNLIR
579.32986,2,2.0,2327.736,240.0,0.8759,0.94889,,,psmd11_TGQAAELGGLLK
812.87979,2,3.0,1848.18,240.0,1.0274,1.11302,,,psmd12_AIYDTPC(UniMod:4)IQAESEK
586.26693,2,2.0,1120.5,240.0,0.8666,0.93882,,,psmd12_FFQEENTEK
600.79639,2,2.0,1119.114,240.0,0.8856,0.9594,,,psmd13_DLPVSEQQER
478.79239,2,2.0,2035.662,240.0,0.8076,0.8749,,,psmd13_VLDLQQIK
662.89536,2,2.0,2496.264,240.0,0.9562,1.03588,,,psmd14_AVAVVVDPIQSVK
410.23979,2,2.0,1987.164,240.0,0.7484,0.81077,,,psmd14_VVIDAFR
630.86353,2,2.0,2717.976,240.0,0.9311,1.00869,,,psme1_APLDIPVPDPVK
435.73761,2,2.0,388.533,240.0,0.7799,0.84489,,,psme1_VQPEAQAK
562.30332,2,2.0,1596.798,240.0,0.8568,0.9282,,,psme2_VEAFQTTISK
511.2422,2,2.0,1546.926,240.0,0.8183,0.88649,,,psme2_C(UniMod:4)GFLPGNEK
643.85116,2,2.0,2342.832,240.0,0.913,0.98908,,,psme3_SNQQLVDIIEK
422.26855,2,2.0,2214.918,240.0,0.7909,0.85681,,,psme3_LIISELR
578.91433,3,2.0,1720.368,240.0,0.8448,0.9152,,,rps27a_C(UniMod:4)C(UniMod:4)LTYC(UniMod:4)FNKPEDK
534.31402,2,2.0,2062.56,240.0,0.8746,0.94748,,,uba52_ESTLHLVLR
894.46728,2,3.0,2564.526,240.0,1.1252,1.21896,,,uba52_TITLEVEPSDTIENVK
